timestamp,attention,meditation,poor_signal,delta,theta,low_alpha,high_alpha,low_beta,high_beta,low_gamma,mid_gamma,blink,label,total_latency(ms),logic_time(ms)
22:20:14,74,87,0,517186,620850,553326,105236,4430,135382,5080,1301037,0,F,0.2112000365741551,0.11249998351559043
22:20:15,84,100,0,162697,67022,19101,17504,2637,31480,1368,219273,0,F,0.15879998682066798,0.10139995720237494
22:20:16,77,96,0,218975,132084,61579,14207,7422,37709,2398,338932,0,F,28.930900036357343,0.10200001997873187
22:20:17,54,96,0,215060,131918,53933,72659,500,35256,1521,311635,0,F,0.15170004917308688,0.09660003706812859
22:20:18,61,97,0,1885213,399171,569921,28549,11604,191929,3156,1245127,0,F,0.1552999601699412,0.09679998038336635
22:20:19,70,97,0,287657,51997,21709,17549,5614,51043,2547,295766,0,F,0.15460001304745674,0.09190000128000975
22:20:20,70,96,0,100651,38807,11735,11590,1387,14143,496,79735,0,F,0.15520001761615276,0.0982999918051064
22:20:21,84,96,0,349810,113761,123295,5976,2525,62207,1807,307194,0,F,0.16289995983242989,0.10469998233020306
22:20:22,78,94,0,105791,133538,95424,43883,1879,34565,1386,305133,0,F,2.565799979493022,0.09519996820017695
22:20:23,57,100,0,1354379,770157,699307,23278,20588,249417,5981,1251721,0,F,0.16579998191446066,0.10070001007989049
22:20:24,60,97,0,951844,146687,50048,5477,4117,48200,2670,318025,0,F,0.16689999029040337,0.10929995914921165
22:20:25,56,88,0,1424573,750307,295673,51882,35112,242385,8824,1278680,0,F,2.3145999875850976,0.09579997276887298
22:20:26,61,75,0,1402227,991864,185649,139529,25827,236234,7165,1212826,0,F,0.1512000453658402,0.0942000187933445
22:20:27,63,63,0,350880,226033,46824,18250,2451,57128,1032,307846,0,F,2.500400005374104,0.09539996972307563
22:20:28,51,60,0,471631,1126243,172840,109911,16553,150146,6794,1252128,0,F,0.15389994950965047,0.09689998114481568
22:20:29,56,66,0,124430,97716,93026,8099,9316,57016,1443,312244,0,F,0.16369996592402458,0.10489998385310173
22:20:30,60,77,0,1135347,133430,94687,25763,4396,59878,1955,301867,0,F,0.15599996550008655,0.09879999561235309
22:20:31,48,77,0,40380,85585,17100,3003,1145,10060,439,79477,0,F,2.5878999731503427,0.10459998156875372
22:20:32,51,90,0,221946,144737,116006,15842,7596,40683,2233,319043,0,F,0.1531000016257167,0.09680003859102726
22:20:33,43,77,0,2129497,1010990,196109,10008,16961,203217,3766,1242563,0,F,0.15140004688873887,0.0953000271692872
22:20:34,30,80,0,826999,604513,691600,18406,16007,174081,4541,1282331,0,F,0.1601999974809587,0.09569997200742364
22:20:35,48,90,0,1191757,672307,417726,24268,5783,286910,5669,1268193,0,F,0.1598999951966107,0.10200001997873187
22:20:36,56,80,0,2014107,869755,348058,52791,7349,256897,8279,1255265,0,F,0.15249999705702066,0.09630003478378057
22:20:37,50,83,0,779668,1247363,291675,42248,20716,180292,11647,1300379,0,F,2.6267999783158302,0.09709998266771436
22:20:38,66,74,0,284587,164298,87070,5375,2848,83366,2863,306395,0,F,0.24210003903135657,0.17090002074837685
22:20:39,61,77,0,804030,728861,478782,20588,13694,235925,5793,1264721,0,F,0.15320000238716602,0.09490002412348986
22:20:40,60,74,0,668312,270687,76065,21038,5645,70947,1448,317683,0,F,0.14849996659904718,0.09299995144829154
22:20:41,70,83,0,1545214,562107,375787,38372,9914,199611,9525,1227601,0,F,0.15400000847876072,0.09799998952075839
22:20:42,60,81,0,965953,978784,414853,19884,6599,219553,7288,1213703,0,F,2.189299964811653,0.09349995525553823
22:20:43,67,69,0,782278,225946,668,70781,5430,100932,1148,339089,0,F,0.14789996203035116,0.09250000584870577
22:21:19,83,77,0,605176,224204,131450,28773,20425,78850,2950,655850,0,F,0.1841000048443675,0.10289996862411499
22:21:19,48,91,0,577539,360092,196915,15811,6385,84224,618,476034,0,F,0.18630002159625292,0.12780004180967808
22:21:20,53,90,0,1038186,816477,550905,48502,13678,373478,3803,1813592,0,F,0.1604999997653067,0.10230002226307988
22:21:21,61,93,0,488147,152297,14398,200121,4657,81228,768,469936,0,F,0.15320000238716602,0.09460002183914185
22:21:22,56,90,0,175426,594233,9357,174966,1198,105448,3641,447786,0,F,3.3054000232368708,0.10649999603629112
22:21:23,60,90,0,431778,192342,76684,64522,2340,60260,1949,456233,0,F,0.15059998258948326,0.09459996363148093
22:21:24,60,97,0,303889,119520,14381,201083,5380,92195,642,458870,0,F,0.15759997768327594,0.0990999978967011
22:21:25,66,88,0,1840779,799345,159886,381951,7274,397073,5150,1817426,0,F,31.431899988092482,0.15079998411238194
22:21:26,80,90,0,1864904,873351,391286,85564,35599,413603,7983,1799443,0,F,0.16029999824240804,0.10289996862411499
22:21:27,75,78,0,17989,185369,357,40681,215,28844,935,106236,0,F,0.15870004426687956,0.10140001541003585
22:21:28,80,67,0,82111,48243,2463,30170,996,27612,313,109828,0,F,0.1897999900393188,0.12559996685013175
22:21:29,78,69,0,104247,41739,3131,37334,1754,23031,247,109193,0,F,0.15199999324977398,0.09579997276887298
22:21:30,64,77,0,2192598,963047,683100,38897,26016,218732,11775,1722619,0,F,2.528299984987825,0.10170001769438386
22:21:31,60,90,0,1638857,696474,367047,209505,34879,128741,13099,1797386,0,F,0.1517999917268753,0.09509996743872762
22:21:32,43,96,0,1384743,664591,416626,97846,7373,158172,8361,1780926,0,F,29.922800022177398,0.09819999104365706
22:21:33,47,93,0,1169307,762021,99807,444958,10040,407867,4718,1791936,0,F,0.16519997734576464,0.10529998689889908
22:21:34,56,88,0,484164,261810,106577,20322,1557,95675,1161,450606,0,F,0.1506999833509326,0.09250000584870577
22:21:35,75,90,0,569008,136338,5034,160878,2995,97342,2557,444377,0,F,0.1772999530658126,0.11659995652735233
22:21:36,90,90,0,146600,140983,4491,161825,2586,98855,968,448276,0,F,0.16449997201561928,0.10529998689889908
22:21:37,88,90,0,41371,49096,905,32445,752,25970,718,108061,0,F,0.15480001457035542,0.09779998799785972
22:21:38,91,97,0,1736787,489403,69060,594264,16147,353358,4730,1798944,0,F,0.15570002142339945,0.09849999332800508
22:21:39,81,88,0,480675,396647,142286,16907,3760,98126,1383,458793,0,F,2.3344000219367445,0.09919999865815043
22:21:40,78,78,0,1470539,1225892,160562,356347,8792,483587,5899,1820758,0,F,0.15469995560124516,0.09579997276887298
22:21:41,74,77,0,2158035,913631,434748,84882,14345,282703,2616,1813225,0,F,0.1841000048443675,0.11069996980950236
22:21:42,66,69,0,58082,70708,1575,38642,329,24340,375,110292,0,F,0.152299995534122,0.096399977337569
22:21:43,70,78,0,118097,46487,2243,42826,756,21643,474,106990,0,F,0.16600004164502025,0.10500004282221198
22:21:44,66,81,0,568062,296514,53194,85206,3863,85991,1075,434915,0,F,2.3117000237107277,0.10280002607032657
22:21:45,64,87,0,272169,198254,142393,32178,4361,65838,1715,428933,0,F,0.15739997616037726,0.0999000039882958
22:21:46,80,88,0,135249,129155,99619,35455,3777,132854,1482,433823,0,F,0.1669999910518527,0.10080001084133983
22:21:47,69,78,0,443053,572190,4454,205597,3457,96705,2969,429096,0,F,0.15199999324977398,0.09600003249943256
22:21:48,70,81,0,1200815,958342,590702,62063,14528,357660,8428,1734945,0,F,0.15109998639672995,0.09569997200742364
22:21:49,78,81,0,1669491,654884,418423,120696,10328,368838,11029,1678515,0,F,5.858700023964047,0.09540002793073654
22:22:16,66,80,0,1091454,509000,259605,86444,15372,163888,13122,1197174,0,F,2.498399990145117,0.10159995872527361
22:22:17,61,61,0,927374,1736474,176314,205481,4104,269065,3898,1173897,0,F,0.15470001380890608,0.09830005001276731
22:22:17,67,66,0,821036,137653,46118,12047,4690,66137,2163,288100,0,F,0.16729999333620071,0.10830000974237919
22:22:18,74,66,0,1388870,495154,175610,200011,11015,299727,5858,1201264,0,F,0.15590002294629812,0.09849999332800508
22:22:20,78,69,0,1729155,561898,514815,96186,15006,282205,2349,1257641,0,F,0.15739997616037726,0.09919999865815043
22:22:20,83,77,0,858368,639839,178276,46439,13697,157803,7917,1233052,0,F,0.17529999604448676,0.11449999874457717
22:22:21,64,75,0,233458,167683,35013,18743,5356,28244,1356,292595,0,F,0.1558999647386372,0.09739998495206237
22:22:22,54,67,0,845506,1307910,154736,285440,8050,303873,4483,1236302,0,F,0.1517999917268753,0.09519996820017695
22:22:23,43,66,0,1517874,718457,314409,156083,19674,147963,3933,1347984,0,F,0.15410000924021006,0.0955999712459743
22:22:24,50,67,0,1768703,668807,208026,142916,13770,293754,4091,1186353,0,F,0.15119998715817928,0.09360001422464848
22:22:25,54,70,0,1252976,1199671,422223,82876,12905,271479,3404,1273747,0,F,0.15360000543296337,0.09569997200742364
22:22:26,51,69,0,754665,253199,69059,10760,7680,49547,2176,296092,0,F,0.15409995103254914,0.09699998190626502
22:22:27,57,63,0,1455850,848803,295147,42227,17601,230555,8544,1152005,0,F,2.133200003299862,0.1289999927394092
22:22:28,48,67,0,1287925,488616,257891,72415,26730,116651,6127,1130621,0,F,0.16899994807317853,0.10409997776150703
22:22:29,38,69,0,1867320,1248948,462033,68853,21456,149684,3425,1210327,0,F,0.1647999742999673,0.10730000212788582
22:22:30,30,66,0,2130310,2474331,351881,139191,13801,282840,7350,1171115,0,F,0.15080004232004285,0.0934000127017498
22:22:31,29,61,0,178204,356252,74912,22293,3419,68537,1557,296632,0,F,0.15090004308149219,0.09350001346319914
22:22:32,30,53,0,1487119,1182546,295564,111248,19680,267031,3886,1178213,0,F,0.14840002404525876,0.09200000204145908
22:22:33,48,51,0,2385862,924314,308203,116436,7067,324745,5030,1205123,0,F,0.15170004917308688,0.0942000187933445
22:22:34,61,57,0,1869818,918911,370174,29533,30905,306803,2538,1207426,0,F,2.5565000250935555,0.09919999865815043
22:22:35,80,66,0,1313676,434577,162984,132786,5443,398791,6437,1097703,0,F,0.1735000405460596,0.11369999265298247
22:22:36,70,66,0,960041,881422,215347,87937,8779,130579,4692,1176521,0,F,0.15819998225197196,0.10080001084133983
22:22:37,87,70,0,1643560,371687,63359,280068,4029,390236,6304,1160770,0,F,0.15139998868107796,0.09460002183914185
22:22:38,75,74,0,174460,242269,98025,20217,2499,44513,1456,296743,0,F,0.14929997269064188,0.09180000051856041
22:22:39,44,74,0,188313,344212,129437,11726,2047,42285,1979,287786,0,F,0.16410002717748284,0.10559998918324709
22:22:40,53,67,0,24482,393938,64243,19498,6968,74489,1117,281754,0,F,0.1558999647386372,0.09819999104365706
22:22:41,34,61,0,1626854,690437,184611,53011,12901,148175,6064,1119709,0,F,0.15580002218484879,0.0974999857135117
22:22:42,30,56,0,1332433,1402250,312603,129362,12890,193916,3653,1179556,0,F,0.15789997996762395,0.09259994840249419
22:22:43,43,54,0,328858,683480,187041,105177,20594,187650,4167,1159451,0,F,0.1710999640636146,0.11219998123124242
22:22:44,37,70,0,492468,969723,669990,76589,5270,196070,2458,1218174,0,F,0.16299996059387922,0.10429997928440571
